{
  "time_total": {
    "min": 0.424532,
    "max": 0.447049,
    "avg": 0.43324366666666664
  },
  "time_connect": {
    "min": 0.106346,
    "max": 0.111537,
    "avg": 0.10946966666666667
  },
  "time_redirect": {
    "min": 0,
    "max": 0,
    "avg": 0
  },
  "time_appconnect": {
    "min": 0.319911,
    "max": 0.338445,
    "avg": 0.32775733333333334
  },
  "time_namelookup": {
    "min": 0.005384,
    "max": 0.01121,
    "avg": 0.008811666666666667
  },
  "time_pretransfer": {
    "min": 0.320012,
    "max": 0.338568,
    "avg": 0.32787133333333335
  },
  "time_starttransfer": {
    "min": 0.42428,
    "max": 0.446669,
    "avg": 0.43297
  }
}